INSERT INTO approval_auditor VALUES ('663', '341', '1', 'u0000002', 'Y');
INSERT INTO approval_auditor VALUES ('664', '341', '2', 'u0000002', 'Y');
INSERT INTO approval_auditor VALUES ('665', '341', '2', 'u0000001', 'Y');

INSERT INTO approval_event VALUES ('341', '340', '111', '222', date'2017-09-05', '1', 'A', null, null);

INSERT INTO f_datacatalog VALUES ('CatalogStyle', '字典类型', 'F', 'L', 'F : 框架固有的 U:用户 S：系统', '{\"dataCode\":{\"value\":\"类型编码\",\"isUse\":\"T\"},\"dataValue\":{\"value\":\"类型说明\",\"isUse\":\"T\"},\"extraCode\":{\"value\":\"扩展编码\",\"isUse\":\"F\"},\"extraCode2\":{\"value\":\"扩展编码2\",\"isUse\":\"F\"},\"dataTag\":{\"value\":\"数据标记\",\"isUse\":\"F\"},\"dataDesc\":{\"value\":\"数据描述\",\"isUse\":\"T\"}}', date'2017-12-04', date'2016-04-07', 'DICTSET_M', '1', 'u0000000', 'u0000000');
INSERT INTO f_datacatalog VALUES ('CatalogType', '字典结构', 'F', 'L', 'L:列表T:树形 测试修改', '{\"dataCode\":{\"value\":\"结构编码\",\"isUse\":\"T\"},\"dataValue\":{\"value\":\"结构名称\",\"isUse\":\"T\"},\"extraCode\":{\"value\":\"扩展编码\",\"isUse\":\"F\"},\"extraCode2\":{\"value\":\"排序\",\"isUse\":\"F\"},\"dataTag\":{\"value\":\"数据标记\",\"isUse\":\"F\"},\"dataDesc\":{\"value\":\"数据描述\",\"isUse\":\"T\"}}', date'2017-12-04', date'2016-04-07', 'DICTSET_M', '1', 'u0000000', 'u0000000');
INSERT INTO f_datacatalog VALUES ('FlowUserRole', '工作流流程角色', 'S', 'L', '', '{\"dataCode\":{\"value\":\"角色编码\",\"isUse\":\"T\"},\"dataValue\":{\"value\":\"角色名称\",\"isUse\":\"T\"},\"extraCode\":{\"value\":\"扩展编码\",\"isUse\":\"F\"},\"extraCode2\":{\"value\":\"扩展编码2\",\"isUse\":\"F\"},\"dataTag\":{\"value\":\"数据标记\",\"isUse\":\"F\"},\"dataDesc\":{\"value\":\"数据描述\",\"isUse\":\"T\"}}', date'2017-12-04', null, 'SYS_CONFIG', '1', null, null);
INSERT INTO f_datacatalog VALUES ('LogLevel', '日志类型', 'F', 'L', '日志类型', '{\"dataCode\":{\"value\":\"类型编码\",\"isUse\":\"T\"},\"dataValue\":{\"value\":\"类型名称\",\"isUse\":\"T\"},\"extraCode\":{\"value\":\"扩展编码\",\"isUse\":\"F\"},\"extraCode2\":{\"value\":\"扩展编码2\",\"isUse\":\"F\"},\"dataTag\":{\"value\":\"数据标记\",\"isUse\":\"F\"},\"dataDesc\":{\"value\":\"数据描述\",\"isUse\":\"T\"}}', null, null, 'OPT_LOG_QUERY', '1', 'u0000000', 'u0000000');
INSERT INTO f_datacatalog VALUES ('MsgType', '消息类型', 'F', 'L', '测试测试', '{\"dataCode\":{\"value\":\"类型编码\",\"isUse\":\"T\"},\"dataValue\":{\"value\":\"类型名称\",\"isUse\":\"T\"},\"extraCode\":{\"value\":\"扩展编码\",\"isUse\":\"F\"},\"extraCode2\":{\"value\":\"扩展编码2\",\"isUse\":\"F\"},\"dataTag\":{\"value\":\"数据标记\",\"isUse\":\"F\"},\"dataDesc\":{\"value\":\"数据描述\",\"isUse\":\"T\"}}', null, null, 'USER_SETTING', '1', 'u0000000', 'u0000000');
INSERT INTO f_datacatalog VALUES ('OptType', '业务类别', 'F', 'L', '业务类别', '{\"dataCode\":{\"value\":\"类别编码\",\"isUse\":\"T\"},\"dataValue\":{\"value\":\"类别名称\",\"isUse\":\"T\"},\"extraCode\":{\"value\":\"扩展编码\",\"isUse\":\"F\"},\"extraCode2\":{\"value\":\"排序\",\"isUse\":\"F\"},\"dataTag\":{\"value\":\"数据标记\",\"isUse\":\"F\"},\"dataDesc\":{\"value\":\"数据描述\",\"isUse\":\"T\"}}', null, null, 'SYSCONF', '1', 'u0000000', 'u0000000');
INSERT INTO f_datacatalog VALUES ('RankType', '行政职务类别', 'S', 'L', '业务职务类别，类别代码长度为2。数值越低等级越高', '{\"dataCode\":{\"value\":\"职务代码\",\"isUse\":\"T\"},\"dataValue\":{\"value\":\"职务名称\",\"isUse\":\"T\"},\"extraCode\":{\"value\":\"等级\",\"isUse\":\"T\"},\"extraCode2\":{\"value\":\"关联角色\",\"isUse\":\"T\"},\"dataTag\":{\"value\":\"数据标记\",\"isUse\":\"F\"},\"dataDesc\":{\"value\":\"数据描述\",\"isUse\":\"T\"}}', null, null, 'SYS_CONFIG', '0', 'u0000000', 'u0000000');
INSERT INTO f_datacatalog VALUES ('StationType', '岗位角色', 'S', 'L', '业务岗位类别，类别代码长度为4', '{\"dataCode\":{\"value\":\"岗位编码\",\"isUse\":\"T\"},\"dataValue\":{\"value\":\"岗位名称\",\"isUse\":\"T\"},\"extraCode\":{\"value\":\"扩展编码\",\"isUse\":\"F\"},\"extraCode2\":{\"value\":\"关联角色\",\"isUse\":\"T\"},\"dataTag\":{\"value\":\"数据标记\",\"isUse\":\"F\"},\"dataDesc\":{\"value\":\"数据描述\",\"isUse\":\"T\"}}', null, null, 'USERUNIT', '0', 'u0000000', 'u0000000');
INSERT INTO f_datacatalog VALUES ('SUPPORT_LANG', '系统支持的语言', 'S', 'L', '系统支持的语言,需要在system.properties中把参数sys.multi_lang设置为true才会生效', null, null, null, 'DICTSET', '1', 'u0000000', 'u0000000');
INSERT INTO f_datacatalog VALUES ('UnitType', '机构类别', 'S', 'L', '', '{\"dataCode\":{\"value\":\"类别编码\",\"isUse\":\"T\"},\"dataValue\":{\"value\":\"类别名称\",\"isUse\":\"T\"},\"extraCode\":{\"value\":\"扩展编码\",\"isUse\":\"F\"},\"extraCode2\":{\"value\":\"排序\",\"isUse\":\"F\"},\"dataTag\":{\"value\":\"数据标记\",\"isUse\":\"F\"},\"dataDesc\":{\"value\":\"数据描述\",\"isUse\":\"T\"}}',null, null, 'ORGMAG', '1', null, null);
INSERT INTO f_datacatalog VALUES ('userSettingKey', '用户设置参数', 'S', 'L', '用户可以设置的参数', '{\"dataCode\":{\"value\":\"参数编码\",\"isUse\":\"T\"},\"dataValue\":{\"value\":\"参数名称\",\"isUse\":\"T\"},\"extraCode\":{\"value\":\"扩展编码\",\"isUse\":\"F\"},\"extraCode2\":{\"value\":\"排序\",\"isUse\":\"F\"},\"dataTag\":{\"value\":\"数据标记\",\"isUse\":\"F\"},\"dataDesc\":{\"value\":\"参数填写说明\",\"isUse\":\"T\"}}', null, null, 'DICTSET_M', '1', 'u0000000', 'u0000000');
INSERT INTO f_datacatalog VALUES ('WFExpireOpt', '流程预期处理方法', 'S', 'L', 'N：通知， O:不处理 ， S：挂起，E：终止', '流程预期处理方法', null, null, null, '1', null, null);
INSERT INTO f_datacatalog VALUES ('YesOrNo', '是否', 'F', 'L', '', '{\"dataCode\":{\"value\":\"编码\",\"isUse\":\"T\"},\"dataValue\":{\"value\":\"数值\",\"isUse\":\"T\"},\"extraCode\":{\"value\":\"扩展编码\",\"isUse\":\"F\"},\"extraCode2\":{\"value\":\"排序\",\"isUse\":\"F\"},\"dataTag\":{\"value\":\"数据标记\",\"isUse\":\"F\"},\"dataDesc\":{\"value\":\"数据描述\",\"isUse\":\"T\"}}', null, null, 'SYS_CONFIG', '1', 'u0000000', 'u0000000');

INSERT INTO f_datadictionary VALUES ('CatalogStyle', 'F', null, null, 'T', '框架固有', 'F', '任何地方都不允许编辑，只能有开发人员给出更新脚本添加、更改和删除', null, null, '0');
INSERT INTO f_datadictionary VALUES ('CatalogStyle', 'G', null, null, 'T', '国标', 'F', '这个暂时不考虑可以在字典类别中进行描述', null, null, '1');
INSERT INTO f_datadictionary VALUES ('CatalogStyle', 'S', null, null, 'T', '系统参数', 'F', '实施人员可以在实施入口对数据字典的类别和字典条目进行CRUD操作', null, null, '2');
INSERT INTO f_datadictionary VALUES ('CatalogStyle', 'U', null, null, 'T', '用户参数', 'F', '管理员入口 和 实施人员入口 都 对这类别字典类别和条目进行CRUD', null, null, '3');
INSERT INTO f_datadictionary VALUES ('CatalogType', 'L', null, null, 'T', '列表', 'F', '列表', null, null, '0');
INSERT INTO f_datadictionary VALUES ('CatalogType', 'T', null, null, 'T', '树形', 'F', '树形', null, null, '1');
INSERT INTO f_datadictionary VALUES ('FlowUserRole', 'auditor', null, '03', 'T', '审核人', 'U', '流程业务的审核人', null, null, '2');
INSERT INTO f_datadictionary VALUES ('FlowUserRole', 'operator', null, '02', 'T', '经办人', 'U', '流程业务的经办人', null, null, '1');
INSERT INTO f_datadictionary VALUES ('FlowUserRole', 'request', null, '01', 'T', '申请人', 'U', '流程业务的申请人', null, null, '0');
INSERT INTO f_datadictionary VALUES ('LogLevel', '0', null, null, 'T', '操作日志', 'F', null, null, null, '0');
INSERT INTO f_datadictionary VALUES ('LogLevel', '1', null, null, 'T', '错误提示', 'F', null, null, null, '1');
INSERT INTO f_datadictionary VALUES ('MsgType', 'A', null, null, 'T', '公告', 'F', '给部门群发的消息', null, null, '0');
INSERT INTO f_datadictionary VALUES ('MsgType', 'P', null, null, 'T', '个人消息', 'F', null, null, null, '1');
INSERT INTO f_datadictionary VALUES ('OptType', 'I', null, null, 'T', '项目业务', 'F', '项目业务', null, null, '2');
INSERT INTO f_datadictionary VALUES ('OptType', 'O', null, null, 'T', '普通业务', 'F', '普通业务', null, null, '0');
INSERT INTO f_datadictionary VALUES ('OptType', 'S', null, null, 'T', '实施业务', 'F', '实施业务', null, null, '1');
INSERT INTO f_datadictionary VALUES ('OptType', 'W', null, null, 'T', '工作流业务', 'F', '工作流业务', null, null, '3');
INSERT INTO f_datadictionary VALUES ('RankType', 'CM', '1', '', 'T', '董事长', 'S', '', null, null, '1');
INSERT INTO f_datadictionary VALUES ('RankType', 'DM', '5', '', 'T', '部门经理', 'S', '', null, null, '5');
INSERT INTO f_datadictionary VALUES ('RankType', 'GM', '2', '', 'T', '总经理', 'S', '', null, null, '2');
INSERT INTO f_datadictionary VALUES ('RankType', 'PM', '3', '', 'T', '副总经理', 'S', '', null, null, '3');
INSERT INTO f_datadictionary VALUES ('RankType', 'ST', '10', '', 'T', '员工', 'S', '', null, null, '10');
INSERT INTO f_datadictionary VALUES ('StationType', 'info', null, '', 'T', '信息维护', 'S', '', null, null, '2');
INSERT INTO f_datadictionary VALUES ('StationType', 'mang', null, '', 'T', '管理岗', 'S', '', null, null, '0');
INSERT INTO f_datadictionary VALUES ('StationType', 'serv', null, '', 'T', '后勤', 'S', '', null, null, '3');
INSERT INTO f_datadictionary VALUES ('StationType', 'tech', null, '', 'T', '技术岗', 'S', '', null, null, '1');
INSERT INTO f_datadictionary VALUES ('SUPPORT_LANG', 'en_US', null, null, 'T', 'English', 'S', null, null, null, '0');
INSERT INTO f_datadictionary VALUES ('SUPPORT_LANG', 'zh_CN', null, null, 'T', '中文', 'S', null, null, null, '1');
INSERT INTO f_datadictionary VALUES ('UnitType', 'A', null, null, 'T', '一般机构', 'U', '', null, null, '1');
INSERT INTO f_datadictionary VALUES ('UnitType', 'I', null, null, 'T', '项目组', 'U', '因为某个事务或者项目而建立的项目组', null, null, '2');
INSERT INTO f_datadictionary VALUES ('UnitType', 'O', null, null, 'T', '业务机构', 'U', '根据业务创建的组织', null, null, '3');
INSERT INTO f_datadictionary VALUES ('userSettingKey', 'LOCAL_LANG', null, null, 'T', '语言', 'S', '设置用户语言', null, null, null);
INSERT INTO f_datadictionary VALUES ('userSettingKey', 'receiveways', null, null, 'T', '消息接收方式', 'S', '用户接收消息的方式，可以是多个用逗号隔开', null, null, null);
INSERT INTO f_datadictionary VALUES ('WFExpireOpt', 'E', null, null, 'T', '终止', null, null, null, null, '4');
INSERT INTO f_datadictionary VALUES ('WFExpireOpt', 'N', null, null, 'T', '通知', null, null, null, null, '1');
INSERT INTO f_datadictionary VALUES ('WFExpireOpt', 'O', null, null, 'T', '不处理', null, null, null, null, '2');
INSERT INTO f_datadictionary VALUES ('WFExpireOpt', 'S', null, null, 'T', '挂起', null, null, null, null, '3');
INSERT INTO f_datadictionary VALUES ('YesOrNo', 'F', null, null, 'N', '否', 'F', '', null, null, '2');
INSERT INTO f_datadictionary VALUES ('YesOrNo', 'T', null, null, 'N', '是', 'F', '', null, null, '1');



INSERT INTO f_optdatascope VALUES ('117', 'USERMAG', '维护本部门用户', '[F_USERINFO.UNITCODE] = {currentStation.unitCode :currUnit}', '维护本部门数据库', 'G');
INSERT INTO f_optdatascope VALUES ('118', 'USERMAG', '所有用户', 'all', '维护全部用户', 'G');

INSERT INTO f_optdef VALUES ('1', 'WORKFLOW', '查看', 'search', '/changeme', '查看（系统默认）', null, null, null, null, 'CRUD', null, null);
INSERT INTO f_optdef VALUES ('10', 'SYS_CONFIG', '查看', 'list', '/*', '查看', null, 'F', null, null, 'R', 'u0000000', 'u0000000');
INSERT INTO f_optdef VALUES ('1000001', 'UNITMAG', '编辑机构', 'update', '/*', '更新机构', null, 'F', null, null, 'U', 'u0000000', 'u0000000');
INSERT INTO f_optdef VALUES ('1000002', 'UNITMAG', '删除机构', 'delete', '/*', '更新机构状态', null, 'F', null, null, 'D', 'u0000000', 'u0000000');
INSERT INTO f_optdef VALUES ('1000007', 'DICTSET', '列举字典', 'list', '/', '查看字典初始页面', null, 'F', null, null, 'R', 'u0000000', 'u0000000');
INSERT INTO f_optdef VALUES ('1000008', 'DICTSET', '新增字典目录', 'create', '/', '新建字典目录', null, 'F', null, null, 'C', 'u0000000', 'u0000000');
INSERT INTO f_optdef VALUES ('1000009', 'DICTSET', '删除字典目录', 'delete', '/*', '删除字典目录', null, 'F', null, null, 'D', 'u0000000', 'u0000000');
INSERT INTO f_optdef VALUES ('1000010', 'DICTSET', '修改字典目录', 'update', '/*', '编辑数据目录', null, 'F', null, null, 'U', 'u0000000', 'u0000000');
INSERT INTO f_optdef VALUES ('1000020', 'OPTLOG', '查询列表', '', '/dummy', '查询系统日志入口', null, null, null, null, 'R', 'u0000000', 'u0000000');
INSERT INTO f_optdef VALUES ('1000029', 'USERUNIT', '新增用户机构关联', 'create', '/', '添加用户关联机构', null, null, null, null, 'C', 'u0000000', 'u0000000');
INSERT INTO f_optdef VALUES ('1000030', 'USERUNIT', '编辑用户机构关联', 'update', '/*', '更新用户机构关联信息', null, null, null, null, 'U', 'u0000000', 'u0000000');
INSERT INTO f_optdef VALUES ('1000031', 'USERUNIT', '删除用户机构关联', 'delete', '/*', '删除用户关联机构关联', null, null, null, null, 'D', 'u0000000', 'u0000000');
INSERT INTO f_optdef VALUES ('1000032', 'USERROLE', '新增用户角色关联', null, '/', '添加用户关联角色', null, null, null, null, 'C', 'u0000000', 'u0000000');
INSERT INTO f_optdef VALUES ('1000033', 'USERROLE', '编辑用户角色关联', null, '/*/*', '更新用户关联角色信息', null, null, null, null, 'U', 'u0000000', 'u0000000');
INSERT INTO f_optdef VALUES ('1000034', 'USERROLE', '删除用户角色关联', null, '/*/*', '删除用户关联角色', null, null, null, null, 'D', 'u0000000', 'u0000000');
INSERT INTO f_optdef VALUES ('1000041', 'OPT_LOG_QUERY', '查看日志详情', '', '/dummy', '查看日志入口', null, null, null, null, 'R', 'u0000000', 'u0000000');
INSERT INTO f_optdef VALUES ('1000042', 'DICTSET_M', '查询数据字典', 'list', '/', '查询数据字典列表', null, null, null, null, 'R', 'u0000000', 'u0000000');
INSERT INTO f_optdef VALUES ('1000043', 'DICTSET_M', '新增数据字典', 'create', '/', '新增数据目录', null, null, null, null, 'C', 'u0000000', 'u0000000');
INSERT INTO f_optdef VALUES ('1000044', 'DICTSET_M', '编辑数据字典', 'update', '/*', '编辑数据字典', null, null, null, null, 'U', 'u0000000', 'u0000000');
INSERT INTO f_optdef VALUES ('1000045', 'DICTSET_M', '删除数据字典', 'delete', '/*', '删除数据目录', null, null, null, null, 'D', 'u0000000', 'u0000000');
INSERT INTO f_optdef VALUES ('1000059', 'UNITMAG', '查看所有机构', 'list', '/', '查看所有机构', null, null, null, null, 'R', 'u0000000', 'u0000000');
INSERT INTO f_optdef VALUES ('1000070', 'USERMAG', '用户列表', null, '/', '用户列表', null, null, null, null, 'R', 'u0000000', 'u0000000');
INSERT INTO f_optdef VALUES ('1000071', 'USERMAG', '创建用户', null, '/', '创建用户', null, null, null, null, 'C', 'u0000000', 'u0000000');
INSERT INTO f_optdef VALUES ('1000072', 'USERMAG', '更新用户', null, '/*', '更新用户', null, null,null, null, 'U', 'u0000000', 'u0000000');
INSERT INTO f_optdef VALUES ('1000073', 'USERMAG', '删除用户', null, '/*', '删除用户', null, null, null, null, 'D', 'u0000000', 'u0000000');
INSERT INTO f_optdef VALUES ('1000080', 'LOGINCAS', 'CAS登录入口', null, '/logincas', null, null, null, null, null, 'RCU', 'u0000000', 'u0000000');
INSERT INTO f_optdef VALUES ('1000101', 'OS_INFO', '所有权限', 'ALL', '/*', '更新机构状态', null, 'F', null, null, 'CRUD', 'u0000000', 'u0000000');
INSERT INTO f_optdef VALUES ('1000102', 'DATABASE', '所有权限', 'ALL', '/*', null, null, null, null, null, 'CRUD', 'u0000000', 'u0000000');
INSERT INTO f_optdef VALUES ('1001', 'DEPLOY', '查看', 'list', '/*', '查看', null, 'F', null, null, 'R', 'u0000000', 'u0000000');
INSERT INTO f_optdef VALUES ('1002', 'DEPTMAG', '查看', 'list', '/*', '查看', null, 'F', null, null, 'R', 'u0000000', 'u0000000');
INSERT INTO f_optdef VALUES ('1003', 'DEPTPOW', '查看', 'list', '/*', '查看', null, 'F', null, null, 'R', 'u0000000', 'u0000000');
INSERT INTO f_optdef VALUES ('1007', 'ORGMAG', '查看', 'list', '/*', '查看', null, 'F',null, null, 'R', 'u0000000', 'u0000000');
INSERT INTO f_optdef VALUES ('1008', 'ROLEMAG', '查看', 'list', '/all', '查看', null, 'F', null, null, 'R', 'u0000000', 'u0000000');
INSERT INTO f_optdef VALUES ('120', 'OPTLOG', '删除日志', 'delete', '/*', '删除日志', null, null, null, null, 'D', null, null);
INSERT INTO f_optdef VALUES ('124', 'OPTINFO', '新增', 'create', '/', '新建菜单（顶级和下级）', null, null, null, null, 'C', null, null);
INSERT INTO f_optdef VALUES ('125', 'OPTINFO', '删除', 'delete', '/*', '删除菜单', null, null, null, null, 'D', null, null);
INSERT INTO f_optdef VALUES ('126', 'OPTINFO', '编辑', 'update', '/*', '编辑菜单（包括操作权限）', null, null, null, null, 'U', null, null);
INSERT INTO f_optdef VALUES ('128', 'DICTSET', '编辑字典明细', 'updateDetail', '/update/*', '编辑字典明细', null, null, null, null, 'U', null, null);
INSERT INTO f_optdef VALUES ('130', 'DICTSET_M', '编辑字典明细', 'updateDetail', '/update/*', '编辑字典明细', null, null, null, null, 'U', null, null);
INSERT INTO f_optdef VALUES ('146', 'DEPTUSERINFO', '列表入口', 'list', '/dummy', '查看', null, 'F', null, null, 'R', 'u0000000', 'u0000000');
INSERT INTO f_optdef VALUES ('150', 'UNITMAG', '新建机构', 'create', '/', '新建机构', null, null, null, null, 'C', null, null);
INSERT INTO f_optdef VALUES ('154', 'DEPTROLE', '查看', 'list', '/unit/*', '查看某个具体机构的角色', null, 'F', null, null, 'R', 'u0000000', 'u0000000');
INSERT INTO f_optdef VALUES ('166', 'ROLEMAG', '修改', 'update', '/*', '修改角色包括权限', null, null, null, null, 'U', null, null);
INSERT INTO f_optdef VALUES ('167', 'ROLEMAG', '删除', 'delete', '/*', '删除角色', null, null, null, null, 'D', null, null);
INSERT INTO f_optdef VALUES ('168', 'ROLEMAG', '新建', 'create', '/', '创建角色', null, null, null, null, 'C', null, null);
INSERT INTO f_optdef VALUES ('169', 'USERINFO', '列表入口', '', '/dummy', '列表入口', null, null, null, null, 'R', null, null);
INSERT INTO f_optdef VALUES ('172', 'UNITINFO', '列表入口', '', '/dummy', '机构维护列表入口', null, null, null, null, 'R', null, null);
INSERT INTO f_optdef VALUES ('2', 'WFDEFINE', '查看', 'search', '/changeme', '查看（系统默认）', null, null, null, null, 'CRUD', null, null);
INSERT INTO f_optdef VALUES ('3', 'FLOWMGR', '查看', 'search', '/changeme', '查看（系统默认）', null, null, null, null, 'CRUD', null, null);
INSERT INTO f_optdef VALUES ('4', 'USERFLOW', '查看', 'search', '/changeme', '查看（系统默认）', null, null, null, null, 'CRUD', null, null);

INSERT INTO f_optinfo VALUES ('bx_lc', '报销流程', '0', '/', '/', null, 'W', null, null, 'N', null, null, null, null, 'D', '', null, null, null, null, null, null);
INSERT INTO f_optinfo VALUES ('DATABASE', '集成数据库', 'DEPLOY', 'modules/sys/databaseinfo/databaseinfo.html', '/service/sys/databaseinfo', null, 'S', null, null, 'Y', null, null, null, null, 'D', '', null, null, null, null, 'u0000000', 'u0000000');
INSERT INTO f_optinfo VALUES ('DEPLOY', '实施菜单', '0', '...', '...', null, 'S', null, null, 'Y', null, null, null, null, 'D', 'icon-ok', null, null, null, null, 'u0000000', 'u0000000');
INSERT INTO f_optinfo VALUES ('DEPTMAG', '部门管理', '0', '13', '...', null, 'O', null, null, 'Y', null, null, null, null, 'I', 'icon-base icon-base-computer', null, null, null, null, 'u0000000', 'u0000000');
INSERT INTO f_optinfo VALUES ('DEPTPOW', '下属部门管理', 'DEPTMAG', 'modules/sys/deptpow/deptpow.html', '/system/deptManager', null, 'O', null, null, 'Y', null, null, '0', null, 'D', 'icon-base icon-base-user', null, null, null, null, 'u0000000', 'u0000000');
INSERT INTO f_optinfo VALUES ('DEPTROLE', '部门角色定义', 'DEPTMAG', 'modules/sys/deptrole/deptrole.html', '/system/roleinfo', null, 'O', null, null, 'Y', null, null, '0', null, 'D', 'icon-base icon-base-gear', null, null, null, null, 'u0000000', 'u0000000');
INSERT INTO f_optinfo VALUES ('DEPTUSERINFO', '部门用户管理', 'DEPTMAG', 'modules/sys/deptuserinfo/deptuserinfo.html', '/system/unitinfo', null, 'O', null, null, 'Y', null, null, null, null, 'D', null, null, null, null, null, 'u0000000', 'u0000000');
INSERT INTO f_optinfo VALUES ('DICTSET', '数据字典管理', 'DEPLOY', 'modules/sys/dictionary/dictionary.admin.html', '/system/dictionary', null, 'S', null, null, 'Y', null, null, '0', null, 'D', 'icon-base icon-base-gear', null, null, null, null, 'u0000000', 'u0000000');
INSERT INTO f_optinfo VALUES ('DICTSET_M', '数据字典', 'SYS_CONFIG', 'modules/sys/dictionary/dictionary.html', '/system/dictionary', null, 'O', null, null, 'Y', null, null, null, null, 'D', null, null, null,null, null, 'u0000000', 'u0000000');
INSERT INTO f_optinfo VALUES ('FLOWMGR', '流程实例管理', 'WORKFLOW', 'modules/sys/flowmanager/flowmanager.html', 'modules/sys/flowmanager/flowmanager.html', null, 'O', null, null, 'Y', null, null, '2', null, 'D', '', null, null, null, null, null, null);
INSERT INTO f_optinfo VALUES ('LOGINCAS', 'CAS登录入口', '0', '/system/mainframe/logincas', '/system/mainframe', null, 'O', null, null, 'N', null, null, null, null, 'D', '', null, null, null, null, 'u0000000', 'u0000000');
INSERT INTO f_optinfo VALUES ('OPTINFO', '系统业务', 'DEPLOY', 'modules/sys/optinfo/optinfo.html', '/system/optinfo', null, 'S', null, null, 'Y', null, null, '4', null, 'D', '', null, null, null, null, 'u0000000', 'u0000000');
INSERT INTO f_optinfo VALUES ('OPTLOG', '系统日志', 'DEPLOY', 'modules/sys/loginfo/loginfo.admin.html', '/system/optlog', null, 'S', null, null, 'Y', null, null, null, null, 'D', 'icon-ok', null, null, null, null, 'u0000000', 'u0000000');
INSERT INTO f_optinfo VALUES ('OPT_LOG_QUERY', '系统日志', 'SYS_CONFIG', 'modules/sys/loginfo/loginfo.html', '/system/optlog', null, 'O', null, null, 'Y', null, null, null, null, 'D', null, null, null,null, null, 'u0000000', 'u0000000');
INSERT INTO f_optinfo VALUES ('ORGMAG', '组织管理', '0', '...', '...', null, 'O', null, null, 'Y', null, null, '3', null, 'I', 'icon-base icon-base-user', null, null, null, null, 'u0000000', 'u0000000');
INSERT INTO f_optinfo VALUES ('OS_INFO', '集成业务系统', 'DEPLOY', 'modules/sys/osinfo/osinfo.html', '/service/sys/os', null, 'S', null, null, 'Y', null, null, null, null, 'D', 'icon-base icon-base-gear', null, null, null, null, 'u0000000', 'u0000000');
INSERT INTO f_optinfo VALUES ('ROLEMAG', '角色定义', 'DEPLOY', 'modules/sys/roleinfo/roleinfo.html', '/system/roleinfo', null, 'S', null, null, 'Y', null, null, null, null, 'D', '', null, null, null, null, 'u0000000', 'u0000000');
INSERT INTO f_optinfo VALUES ('SYS_CONFIG', '系统维护', '0', '...', '...', null, 'O', null, null, 'Y', null, null, null, null, 'D', 'icon-base icon-base-gear', null, null, null, null, 'u0000000', 'u0000000');
INSERT INTO f_optinfo VALUES ('UNITINFO', '机构维护', 'SYS_CONFIG', 'modules/sys/unitinfo/unitinfo.html', '/system/unitinfo', null, 'O', null, null, 'Y', null, null, null, null, 'D', '', null, null, null, null, null, null);
INSERT INTO f_optinfo VALUES ('UNITMAG', '机构管理', 'ORGMAG', 'modules/sys/unitinfo/unitinfo.html', '/system/unitinfo', null, 'O', null, null, 'N', null, null, '2', null, 'D', '', null, null,null, null, 'u0000000', 'u0000000');
INSERT INTO f_optinfo VALUES ('USERFLOW', '用户流程任务管理', 'WORKFLOW', 'modules/sys/useroptmgr/useroptmanager.html', 'modules/sys/useroptmgr/useroptmanager.html', null, 'O', null, null, 'Y', null, null, '3', null, 'D', '', null, null, null, null, null, null);
INSERT INTO f_optinfo VALUES ('USERINFO', '用户管理', 'SYS_CONFIG', 'modules/sys/userinfo/userinfo.html', '/system/userinfo', null, 'O', null, null, 'Y', null, null, null, null, 'D', '', null, null, null, null, null, null);
INSERT INTO f_optinfo VALUES ('USERMAG', '用户管理', 'ORGMAG', 'modules/sys/userinfo/userinfo.html', '/system/userinfo', null, 'O', null, null, 'N', null, null, null, null, 'D', '', null, null, null, null, 'u0000000', 'u0000000');
INSERT INTO f_optinfo VALUES ('USERROLE', '用户角色', 'ORGMAG', '/modules/sys/userrole.html', '/system/userrole', null, 'O', null, null, 'N', null, null, null, null, 'D', null, null, null, null, null, 'u0000000', 'u0000000');
INSERT INTO f_optinfo VALUES ('USERUNIT', '用户机构', 'ORGMAG', '/modules/sys/userunit.html', '/system/userunit', null, 'O', null, null, 'N', null, null, null, null, 'D', null, null, null, null, null, 'u0000000', 'u0000000');
INSERT INTO f_optinfo VALUES ('WFDEFINE', '流程定义', 'WORKFLOW', 'modules/sys/flowdefine/flowdefine.html', 'modules/sys/flowdefine/flowdefine.html', null, 'O', null, null, 'Y', null, null, '1', null, 'D', '', null, null, null, null, null, null);
INSERT INTO f_optinfo VALUES ('WORKFLOW', '工作流', '0', '...', '...', null, 'O', null, null, 'Y', null, null, null, null, 'D', '', null, null, null, null, null, null);

INSERT INTO f_roleinfo VALUES ('anonymous', '匿名角色', 'F', null, 'T', '匿名用户角色', null, null, 'u0000000', 'u0000000');
INSERT INTO f_roleinfo VALUES ('DEPLOY', '实施人员', 'G', null, 'T', '实施人员角色', null, null, 'u0000000', 'u0000000');
INSERT INTO f_roleinfo VALUES ('forbidden', '禁用的功能', 'F', null, 'T', '这个角色不能赋给任何人，这个角色中的操作任何人都不可以调用。',null, null, 'u0000000', 'u0000000');
INSERT INTO f_roleinfo VALUES ('public', '公共角色', 'F', null, 'T', '公共角色权限会默认给不包括匿名用户的所有人', null, null, 'u0000000', 'u0000000');
INSERT INTO f_roleinfo VALUES ('SYSADMIN', '系统管理员', 'G', null, 'T', '所有系统配置功能', null, null, 'u0000000', 'u0000000');

INSERT INTO f_rolepower VALUES ('public', '1000080', '', null, null, 'u0000000', 'u0000000');
INSERT INTO f_rolepower VALUES ('SYSADMIN', '1000001', '', null, null, 'u0000000', 'u0000000');
INSERT INTO f_rolepower VALUES ('SYSADMIN', '1000002', '', null, null, 'u0000000', 'u0000000');
INSERT INTO f_rolepower VALUES ('SYSADMIN', '1000007', '', null, null, 'u0000000', 'u0000000');
INSERT INTO f_rolepower VALUES ('SYSADMIN', '1000008', '', null, null, 'u0000000', 'u0000000');
INSERT INTO f_rolepower VALUES ('SYSADMIN', '1000009', '', null, null, 'u0000000', 'u0000000');
INSERT INTO f_rolepower VALUES ('SYSADMIN', '1000010', '', null, null, 'u0000000', 'u0000000');
INSERT INTO f_rolepower VALUES ('SYSADMIN', '1000020', '', null, null, 'u0000000', 'u0000000');
INSERT INTO f_rolepower VALUES ('SYSADMIN', '1000029', '', null, null, 'u0000000', 'u0000000');
INSERT INTO f_rolepower VALUES ('SYSADMIN', '1000030', '', null, null, 'u0000000', 'u0000000');
INSERT INTO f_rolepower VALUES ('SYSADMIN', '1000031', '', null, null, 'u0000000', 'u0000000');
INSERT INTO f_rolepower VALUES ('SYSADMIN', '1000032', '', null, null, 'u0000000', 'u0000000');
INSERT INTO f_rolepower VALUES ('SYSADMIN', '1000033', '', null, null, 'u0000000', 'u0000000');
INSERT INTO f_rolepower VALUES ('SYSADMIN', '1000034', '', null, null, 'u0000000', 'u0000000');
INSERT INTO f_rolepower VALUES ('SYSADMIN', '1000041', '', null, null, 'u0000000', 'u0000000');
INSERT INTO f_rolepower VALUES ('SYSADMIN', '1000042', '', null, null, 'u0000000', 'u0000000');
INSERT INTO f_rolepower VALUES ('SYSADMIN', '1000043', '', null, null, 'u0000000', 'u0000000');
INSERT INTO f_rolepower VALUES ('SYSADMIN', '1000044', '', null, null, 'u0000000', 'u0000000');
INSERT INTO f_rolepower VALUES ('SYSADMIN', '1000045', '', null, null, 'u0000000', 'u0000000');
INSERT INTO f_rolepower VALUES ('SYSADMIN', '1000059', '', null, null, 'u0000000', 'u0000000');
INSERT INTO f_rolepower VALUES ('SYSADMIN', '1000070', '', null, null, 'u0000000', 'u0000000');
INSERT INTO f_rolepower VALUES ('SYSADMIN', '1000071', '', null, null, 'u0000000', 'u0000000');
INSERT INTO f_rolepower VALUES ('SYSADMIN', '1000072', '', null, null, 'u0000000', 'u0000000');
INSERT INTO f_rolepower VALUES ('SYSADMIN', '1000073', '', null, null, 'u0000000', 'u0000000');
INSERT INTO f_rolepower VALUES ('SYSADMIN', '1000080', '', null, null, 'u0000000', 'u0000000');
INSERT INTO f_rolepower VALUES ('SYSADMIN', '1000101', '', null, null, 'u0000000', 'u0000000');
INSERT INTO f_rolepower VALUES ('SYSADMIN', '1000102', '', null, null, 'u0000000', 'u0000000');
INSERT INTO f_rolepower VALUES ('SYSADMIN', '1003', '', null, null, null, null);
INSERT INTO f_rolepower VALUES ('SYSADMIN', '120', '', null, null, null, null);
INSERT INTO f_rolepower VALUES ('SYSADMIN', '124', '', null, null, null, null);
INSERT INTO f_rolepower VALUES ('SYSADMIN', '125', '', null, null, null, null);
INSERT INTO f_rolepower VALUES ('SYSADMIN', '126', '', null, null, null, null);
INSERT INTO f_rolepower VALUES ('SYSADMIN', '128', '', null, null, null, null);
INSERT INTO f_rolepower VALUES ('SYSADMIN', '130', '', null, null, null, null);
INSERT INTO f_rolepower VALUES ('SYSADMIN', '146', '', null, null, 'u0000000', 'u0000000');
INSERT INTO f_rolepower VALUES ('SYSADMIN', '150', '', null, null, null, null);
INSERT INTO f_rolepower VALUES ('SYSADMIN', '154', '', null, null, 'u0000000', 'u0000000');
INSERT INTO f_rolepower VALUES ('SYSADMIN', '166', '', null, null, null, null);
INSERT INTO f_rolepower VALUES ('SYSADMIN', '167', '', null, null, null, null);
INSERT INTO f_rolepower VALUES ('SYSADMIN', '168', '', null, null, null, null);
INSERT INTO f_rolepower VALUES ('SYSADMIN', '169', '', null, null, null, null);
INSERT INTO f_rolepower VALUES ('SYSADMIN', '172', '', null, null, null, null);
INSERT INTO f_rolepower VALUES ('SYSADMIN', '2', '', null, null, 'u0000000', 'u0000000');
INSERT INTO f_rolepower VALUES ('SYSADMIN', '3', '', null, null, 'u0000000', 'u0000000');
INSERT INTO f_rolepower VALUES ('SYSADMIN', 'DATABASE', '', null, null, null, null);
INSERT INTO f_rolepower VALUES ('SYSADMIN', 'DEPTMAG', '', null, null, null, null);
INSERT INTO f_rolepower VALUES ('SYSADMIN', 'DEPTPOW', '', null, null, null, null);
INSERT INTO f_rolepower VALUES ('SYSADMIN', 'DEPTROLE', '', null, null, null, null);
INSERT INTO f_rolepower VALUES ('SYSADMIN', 'DEPTUSERINFO', '', null, null, null, null);
INSERT INTO f_rolepower VALUES ('SYSADMIN', 'DICTSET', '', null, null, null, null);
INSERT INTO f_rolepower VALUES ('SYSADMIN', 'DICTSET_M', '', null, null, null, null);
INSERT INTO f_rolepower VALUES ('SYSADMIN', 'FLOWMGR', '', null, null, null, null);
INSERT INTO f_rolepower VALUES ('SYSADMIN', 'LOGINCAS', '', null, null, null, null);
INSERT INTO f_rolepower VALUES ('SYSADMIN', 'OPTINFO', '', null, null, null, null);
INSERT INTO f_rolepower VALUES ('SYSADMIN', 'OPTLOG', '', null, null, null, null);
INSERT INTO f_rolepower VALUES ('SYSADMIN', 'OPT_LOG_QUERY', '', null, null, null, null);
INSERT INTO f_rolepower VALUES ('SYSADMIN', 'ORGMAG', '', null, null, null, null);
INSERT INTO f_rolepower VALUES ('SYSADMIN', 'OS_INFO', '', null, null, null, null);
INSERT INTO f_rolepower VALUES ('SYSADMIN', 'SYS_CONFIG', '', null, null, null, null);
INSERT INTO f_rolepower VALUES ('SYSADMIN', 'UNITINFO', '', null, null, null, null);
INSERT INTO f_rolepower VALUES ('SYSADMIN', 'UNITMAG', '', null, null, null, null);
INSERT INTO f_rolepower VALUES ('SYSADMIN', 'USERINFO', '', null, null, null, null);
INSERT INTO f_rolepower VALUES ('SYSADMIN', 'USERMAG', '', null, null, null, null);
INSERT INTO f_rolepower VALUES ('SYSADMIN', 'USERROLE', '', null, null, null, null);
INSERT INTO f_rolepower VALUES ('SYSADMIN', 'USERUNIT', '', null, null, null, null);
INSERT INTO f_rolepower VALUES ('SYSADMIN', 'WFDEFINE', '', null, null, null, null);

INSERT INTO f_unitinfo VALUES ('U00001', null, 'N', 'T', null, '根机构', 'root', null, '根机构', null, 'root', 'root', null, '1', null, null, null, 'u0000000', 'u0000000', '/U00001', null);

INSERT INTO f_userinfo VALUES ('noname', '67b74fe1423796dfe8db34b959b81fbd', 'U', 'F', 'noname', '匿名用户', null, null, '匿名用户', null, null, '', null, 'noname@centit.com', '', null, '', null, null, null, '1', null, null, null, 'u0000000', 'u0000000');
INSERT INTO f_userinfo VALUES ('u0000000', '$2a$11$DbyFNhHeCES5CKoMuM5sXepY7GM35sZkUSqQbjYJnFTzJ2GDIYGLK', 'U', 'T', 'admin', '管理员', null, null, '', null, null, '', null, 'codefan@centit.com', '', null, '18017458877', null, 'U00001', null, '1', null, null, null, 'u0000000', 'u0000000');

INSERT INTO f_userrole VALUES ('u0000000', 'SYSADMIN', sysdate, null, '', null, null, 'u0000000', 'u0000000');

INSERT INTO f_usersetting VALUES ('u0000000', 'LOCAL_LANG', 'zh_CN', 'SYS', '用户默认区域语言', null);

INSERT INTO f_userunit VALUES ('s000000000', 'U00001', 'u0000000', 'T', 'pf', 'CZ', null, '1', null, null, null, null);

INSERT INTO wf_flow_define VALUES ('000068', '0', '请假流程', 'R', null, 'A', 'xxxx', null, '', 'N', 'bx_flow', null, null);

INSERT INTO wf_flow_define VALUES ('129', '0', null, 'R', null, 'A', null, null, null, null, null, null, null);
INSERT INTO wf_flow_define VALUES ('130', '0', null, 'R', null, 'A', null, null, null, null, null, null, null);


INSERT INTO wf_flow_instance VALUES ('340', '12', '000070', null, '341',sysdate, 'F', null, null, 'u0000000', null, 'N', 'N', '0', '0', null, 'u0000000');
INSERT INTO wf_flow_instance VALUES ('341', '1', '171', '报销流程02实例001', '001', sysdate, 'F', null, null, 'u0000000',null, 'N', 'N', '0', '0', '', 'u0000000');
INSERT INTO wf_flow_instance VALUES ('342', '1', '171', '报销流程02实例002', '002', sysdate, 'F', null, null, null, null, 'N', 'N', '0', '0', '', 'u0000000');

INSERT INTO wf_flow_variable VALUES ('340', 'A', 'auditorCount', '1', 'S');
INSERT INTO wf_flow_variable VALUES ('340', 'A', 'currentPhase', '1', 'S');
INSERT INTO wf_flow_variable VALUES ('340', 'A', 'maxPhase', '2', 'S');

INSERT INTO wf_inst_attention VALUES ('1', '2', null, '2', null);
INSERT INTO wf_inst_attention VALUES ('1', 'u0000001', null, 'u0000000', null);

INSERT INTO wf_node VALUES ('1', '8', '1', 'A', '开始', null, 'TEST', null, null, null, null, null, null, null, null, null, null, null, null, null, null, null, null, null, null, null, null, null, null, null, null, null, null, null);
INSERT INTO wf_node VALUES ('2', '8', '1', 'F', '结束', null, 'TEST', null, null, null, null, null, null, null, null, null, null, null, null, null, null, null, null, null, null, null, null, null, null, null, null, null, null, null);
INSERT INTO wf_node VALUES ('3', '8', '1', 'B', '过程', 'A', 'TEST', null, 'null', '', '', '', null, 'bj', 'null', 'P', '', null, null, null, null, null, 'F', 'I', null, '0', '', '', 'R', '', 'F', null, '', null);
INSERT INTO wf_node VALUES ('4', '8', '1', 'C', '过程', 'A', 'TEST', null, 'null', '', '', '', null, 'xz', 'GM', 'P', '', null, null, null, null, null, 'F', 'I', null, '0', '', '', 'R', '', 'F', null, '', null);
INSERT INTO wf_node VALUES ('16', '000057', '1', 'A', '开始', null, null, null, null, null, null, null, null, 'null', 'null', null, null, null, null, null, null, null, null, null, null, null, null, null, null, null, null, null, null, null);
INSERT INTO wf_node VALUES ('17', '000057', '1', 'F', '结束', null, null, null, null, null, null, null, null, 'null', 'null', null, null, null, null, null, null, null, null, null, null, null, null, null, null, null, null, null, null, null);
INSERT INTO wf_node VALUES ('18', '000057', '1', 'B', '过程', 'A', null, null, '20000011', '', null, null, null, 'bj', 'null', 'P', '', null, null, null, null, null, 'F', 'I', null, '0', '', null, 'R', '', 'F', null, null, null);
INSERT INTO wf_node VALUES ('21', '000057', '2', 'A', '开始', null, null, null, null, null, null, null, null, 'null', 'null', null, null, null, null, null, null, null, null, null, null, null, null, null, null, null, null, null, null, null);
INSERT INTO wf_node VALUES ('22', '000057', '2', 'F', '结束', null, null, null, null, null, null, null, null, 'null', 'null', null, null, null, null, null, null, null, null, null, null, null, null, null, null, null, null, null, null, null);
INSERT INTO wf_node VALUES ('23', '000057', '2', 'B', '过程', 'A', null, null, '20000011', '', null, null, null, 'bj', 'null', 'P', '', null, null, null, null, null, 'F', 'I', null, '0', '', null, 'R', '', 'F', null, null, null);
INSERT INTO wf_node VALUES ('536', '000070', '6', 'A', '开始', null, null, null, null, null, null, null, null, null, null, null, null, null, null, null, null, null, null, null, null, null, null, null, null, null, null, null, null, null);
INSERT INTO wf_node VALUES ('537', '000070', '6', 'F', '结束', null, null, null, null, null, null, null, null, null, null, null, null, null, null, null, null, null, null, null, null, null, null, null, null, null, null, null, null, null);
INSERT INTO wf_node VALUES ('538', '000070', '6', 'R', '分支节点1', null, null, null, null, null, null, null, 'D', null, null, null, null, null, null, null, null, null, null, null, null, null, null, null, null, null, 'F', null, null, null);
INSERT INTO wf_node VALUES ('539', '000070', '6', 'C', '单人审核', 'A', null, null, '20000011', 'SetNextAuditorsBean', null, null, null, 'bj', 'auditor', 'P', '', null, null, null, null, null, 'F', 'I', null, '0', '', null, 'R', '', 'F', null, null, null);
INSERT INTO wf_node VALUES ('540', '000070', '6', 'C', '多人审核', 'A', null, null, '20000011', 'VoteAndSetAuditorsBean', null, null, null, 'bj', 'auditor', 'P', '', null, null, null, null, null, 'F', 'I', null, '0', '', null, 'R', '', 'F', null, null, null);
INSERT INTO wf_node VALUES ('541', '000070', '6', 'R', '多实例分支', null, null, null, null, null, null, null, 'G', 'bj', 'auditor', '', '', 'U', 'null', null, null, null, null, null, null, null, null, null, null, null, 'F', null, null, null);
INSERT INTO wf_node VALUES ('542', '000070', '6', 'R', '多实例汇聚', null, null, null, null, 'JoinEvent', null, null, 'E', null, null, null, null, null, null, 'E', '', null, null, null, null, null, null, null, null, null, 'F', null, null, null);
INSERT INTO wf_node VALUES ('543', '000070', '6', 'R', '分支节点2', null, null, null, null, null, null, null, 'D', null, null, null, null, null, null, null, null, null, null, null, null, null, null, null, null, null, 'F', null, null, null);
INSERT INTO wf_node VALUES ('544', '000070', '6', 'R', '分支节点3', null, null, null, null, null, null, null, 'D', null, null, null, null, null, null, null, null, null, null, null, null, null, null, null, null, null, 'F', null, null, null);
INSERT INTO wf_node VALUES ('545', '000070', '6', 'B', '申请', 'A', null, null, '20000011', '', null, null, null, 'bj', 'jbr', 'P', '', null, null, null, null, null, 'F', 'I', null, '0', '', null, 'R', '', 'F', null, null, null);
INSERT INTO wf_node VALUES ('558', '000070', '7', 'A', '开始', null, null, null, null, null, null, null, null, null, null, null, null, null, null, null, null, null, null, null, null, null, null, null, null, null, null, null, null, null);
INSERT INTO wf_node VALUES ('559', '000070', '7', 'F', '结束', null, null, null, null, null, null, null, null, null, null, null, null, null, null, null, null, null, null, null, null, null, null, null, null, null, null, null, null, null);
INSERT INTO wf_node VALUES ('560', '000070', '7', 'R', '分支节点1', null, null, null, null, null, null, null, 'D', null, null, null, null, null, null, null, null, null, null, null, null, null, null, null, null, null, 'F', null, null, null);
INSERT INTO wf_node VALUES ('561', '000070', '7', 'C', '单人审核', 'A', null, null, '20000011', 'SetNextAuditorsBean', null, null, null, 'bj', 'auditor', '', '', null, null, null, null, null, 'F', 'I', null, '0', '', null, 'R', '', 'F', null, null, null);
INSERT INTO wf_node VALUES ('562', '000070', '7', 'C', '多人审核', 'A', null, null, '20000011', 'VoteAndSetAuditorsBean', null, null, null, 'bj', 'auditor', '', '', null, null, null, null, null, 'F', 'I', null, '0', '', null, 'R', '', 'F', null, null, null);
INSERT INTO wf_node VALUES ('563', '000070', '7', 'R', '多实例分支', null, null, null, null, null, null, null, 'G', 'en', 'auditor', '', 'auditor', 'U', 'null', null, null, null, null, null, null, null, null, null, null, null, 'F', null, null, null);
INSERT INTO wf_node VALUES ('564', '000070', '7', 'R', '多实例汇聚', null, null, null, null, 'JoinEvent', null, null, 'E', null, null, null, null, null, null, 'A', '', null, null, null, null, null, null, null, null, null, 'F', null, null, null);
INSERT INTO wf_node VALUES ('565', '000070', '7', 'R', '分支节点2', null, null, null, null, null, null, null, 'D', null, null, null, null, null, null, null, null, null, null, null, null, null, null, null, null, null, 'F', null, null, null);
INSERT INTO wf_node VALUES ('566', '000070', '7', 'R', '分支节点3', null, null, null, null, null, null, null, 'D', null, null, null, null, null, null, null, null, null, null, null, null, null, null, null, null, null, 'F', null, null, null);
INSERT INTO wf_node VALUES ('567', '000070', '7', 'B', '申请', 'A', null, null, '20000011', '', null, null, null, 'bj', 'jbr', '', '', null, null, null, null, null, 'F', 'I', null, '0', '', null, 'R', '', 'F', null, null, null);
INSERT INTO wf_node VALUES ('652', '000070', '8', 'A', '开始', null, null, null, null, null, null, null, null, null, null, null, null, null, null, null, null, null, null, null, null, null, null, null, null, null, null, null, null, null);
INSERT INTO wf_node VALUES ('653', '000070', '8', 'F', '结束', null, null, null, null, null, null, null, null, null, null, null, null, null, null, null, null, null, null, null, null, null, null, null, null, null, null, null, null, null);
INSERT INTO wf_node VALUES ('654', '000070', '8', 'R', '分支节点1', null, null, null, null, null, null, null, 'D', null, null, null, null, null, null, null, null, null, null, null, null, null, null, null, null, null, 'F', null, null, null);
INSERT INTO wf_node VALUES ('655', '000070', '8', 'C', '单人审核', 'A', null, null, '20000011', '', null, null, null, 'bj', 'auditor', '', '', null, null, null, null, null, 'F', 'I', null, '0', '', null, 'R', '', 'F', null, null, null);
INSERT INTO wf_node VALUES ('656', '000070', '8', 'C', '多人审核', 'A', null, null, '20000011', 'VoteAndSetAuditorsBean', null, null, null, 'bj', 'auditor', '', '', null, null, null, null, null, 'F', 'I', null, '0', '', null, 'R', '', 'F', null, null, null);
INSERT INTO wf_node VALUES ('657', '000070', '8', 'R', '多实例分支', null, null, null, null, null, null, null, 'G', 'bj', 'auditor', '', '', 'U', 'null', null, null, null, null, null, null, null, null, null, null, null, 'F', null, null, null);
INSERT INTO wf_node VALUES ('658', '000070', '8', 'R', '多实例汇聚', null, null, null, null, '', null, null, 'E', null, null, null, null, null, null, 'A', '', null, null, null, null, null, null, null, null, null, 'F', null, null, null);
INSERT INTO wf_node VALUES ('659', '000070', '8', 'R', '分支节点2', null, null, null, null, null, null, null, 'D', null, null, null, null, null, null, null, null, null, null, null, null, null, null, null, null, null, 'F', null, null, null);
INSERT INTO wf_node VALUES ('660', '000070', '8', 'R', '分支节点3', null, null, null, null, null, null, null, 'D', null, null, null, null, null, null, null, null, null, null, null, null, null, null, null, null, null, 'F', null, null, null);
INSERT INTO wf_node VALUES ('661', '000070', '8', 'B', '申请', 'A', null, null, '20000011', '', null, null, null, 'bj', 'jbr', '', '', null, null, null, null, null, 'F', 'I', null, '0', '', null, 'R', '', 'F', null, null, null);
INSERT INTO wf_node VALUES ('662', '000070', '8', 'C', '设置下一步审核人', 'D', null, null, '20000011', 'SetNextAuditorsBean', null, null, null, '', 'null', 'P', '', null, null, null, null, null, 'F', 'I', null, '0', '', null, 'R', '', 'F', null, null, null);
INSERT INTO wf_node VALUES ('676', '000070', '9', 'A', '开始', null, null, null, null, null, null, null, null, null, null, null, null, null, null, null, null, null, null, null, null, null, null, null, null, null, null, null, null, null);
INSERT INTO wf_node VALUES ('677', '000070', '9', 'F', '结束', null, null, null, null, null, null, null, null, null, null, null, null, null, null, null, null, null, null, null, null, null, null, null, null, null, null, null, null, null);
INSERT INTO wf_node VALUES ('678', '000070', '9', 'R', '分支节点1', null, null, null, null, null, null, null, 'D', null, null, null, null, null, null, null, null, null, null, null, null, null, null, null, null, null, 'F', null, null, null);
INSERT INTO wf_node VALUES ('679', '000070', '9', 'C', '单人审核', 'A', null, null, '20000011', '', null, null, null, 'bj', 'auditor', '', '', null, null, null, null, null, 'F', 'I', null, '0', '', null, 'R', '', 'F', null, null, null);
INSERT INTO wf_node VALUES ('680', '000070', '9', 'C', '多人审核', 'A', null, null, '20000011', 'VoteAndSetAuditorsBean', null, null, null, 'bj', 'auditor', '', '', null, null, null, null, null, 'F', 'I', null, '0', '', null, 'R', '', 'F', null, null, null);
INSERT INTO wf_node VALUES ('681', '000070', '9', 'R', '多实例分支', null, null, null, null, null, null, null, 'G', 'bj', 'auditor', '', '', 'U', 'null', null, null, null, null, null, null, null, null, null, null, null, 'F', null, null, null);
INSERT INTO wf_node VALUES ('682', '000070', '9', 'R', '多实例汇聚', null, null, null, null, '', null, null, 'E', null, null, null, null, null, null, 'A', '', null, null, null, null, null, null, null, null, null, 'F', null, null, null);
INSERT INTO wf_node VALUES ('683', '000070', '9', 'R', '分支节点2', null, null, null, null, null, null, null, 'D', null, null, null, null, null, null, null, null, null, null, null, null, null, null, null, null, null, 'F', null, null, null);
INSERT INTO wf_node VALUES ('684', '000070', '9', 'R', '分支节点3', null, null, null, null, null, null, null, 'D', null, null, null, null, null, null, null, null, null, null, null, null, null, null, null, null, null, 'F', null, null, null);
INSERT INTO wf_node VALUES ('685', '000070', '9', 'B', '申请', 'A', null, null, '20000011', '', null, null, null, 'bj', 'jbr', '', '', null, null, null, null, null, 'F', 'I', null, '0', '', null, 'R', '', 'F', null, null, null);
INSERT INTO wf_node VALUES ('686', '000070', '9', 'C', '设置下一步审核人', 'D', null, null, '20000011', 'SetNextAuditorsBean', null, null, null, '', 'null', 'P', '', null, null, null, null, null, 'F', 'I', null, '0', '', null, 'R', '', 'F', null, null, null);
INSERT INTO wf_node VALUES ('724', '000070', '10', 'A', '开始', null, null, null, null, null, null, null, null, null, null, null, null, null, null, null, null, null, null, null, null, null, null, null, null, null, null, null, null, null);
INSERT INTO wf_node VALUES ('725', '000070', '10', 'F', '结束', null, null, null, null, null, null, null, null, null, null, null, null, null, null, null, null, null, null, null, null, null, null, null, null, null, null, null, null, null);
INSERT INTO wf_node VALUES ('726', '000070', '10', 'R', '分支节点1', null, null, null, null, null, null, null, 'D', null, null, null, null, null, null, null, null, null, null, null, null, null, null, null, null, null, 'F', null, null, null);
INSERT INTO wf_node VALUES ('727', '000070', '10', 'C', '单人审核', 'A', null, null, '20000011', '', null, null, null, 'bj', 'auditor', '', '', null, null, null, null, null, 'F', 'I', null, '0', '', null, 'R', '', 'F', null, null, null);
INSERT INTO wf_node VALUES ('728', '000070', '10', 'C', '多人审核', 'A', null, null, '20000011', 'VoteAndSetAuditorsBean', null, null, null, 'bj', 'auditor', '', '', null, null, null, null, null, 'F', 'I', null, '0', '', null, 'R', '', 'F', null, null, null);
INSERT INTO wf_node VALUES ('729', '000070', '10', 'R', '多实例分支', null, null, null, null, null, null, null, 'G', 'bj', 'auditor', '', '', 'U', 'null', null, null, null, null, null, null, null, null, null, null, null, 'F', null, null, null);
INSERT INTO wf_node VALUES ('730', '000070', '10', 'R', '多实例汇聚', null, null, null, null, '', null, null, 'E', null, null, null, null, null, null, 'A', '', null, null, null, null, null, null, null, null, null, 'F', null, null, null);
INSERT INTO wf_node VALUES ('731', '000070', '10', 'R', '分支节点2', null, null, null, null, null, null, null, 'D', null, null, null, null, null, null, null, null, null, null, null, null, null, null, null, null, null, 'F', null, null, null);
INSERT INTO wf_node VALUES ('732', '000070', '10', 'R', '分支节点3', null, null, null, null, null, null, null, 'D', null, null, null, null, null, null, null, null, null, null, null, null, null, null, null, null, null, 'F', null, null, null);
INSERT INTO wf_node VALUES ('733', '000070', '10', 'B', '申请', 'A', null, null, '20000011', '', null, null, null, 'bj', 'jbr', '', '', null, null, null, null, null, 'F', 'I', null, '0', '', null, 'R', '', 'F', null, null, null);
INSERT INTO wf_node VALUES ('734', '000070', '10', 'C', '过程', 'D', null, null, '20000011', 'SetNextAuditorsBean', null, null, null, '', 'null', 'P', '', null, null, null, null, null, 'F', 'I', null, '0', '', null, 'R', '', 'F', null, null, null);
INSERT INTO wf_node VALUES ('772', '000070', '11', 'A', '开始', null, null, null, null, null, null, null, null, null, null, null, null, null, null, null, null, null, null, null, null, null, null, null, null, null, null, null, null, null);
INSERT INTO wf_node VALUES ('773', '000070', '11', 'F', '结束', null, null, null, null, null, null, null, null, null, null, null, null, null, null, null, null, null, null, null, null, null, null, null, null, null, null, null, null, null);
INSERT INTO wf_node VALUES ('774', '000070', '11', 'R', '分支节点1', null, null, null, null, null, null, null, 'D', null, null, null, null, null, null, null, null, null, null, null, null, null, null, null, null, null, 'F', null, null, null);
INSERT INTO wf_node VALUES ('775', '000070', '11', 'C', '单人审核', 'A', null, null, '20000011', '', null, null, null, 'bj', 'auditor', '', '', null, null, null, null, null, 'F', 'I', null, '0', '', null, 'R', '', 'F', null, null, null);
INSERT INTO wf_node VALUES ('776', '000070', '11', 'C', '多人审核', 'A', null, null, '20000011', 'VoteAndSetAuditorsBean', null, null, null, 'bj', 'auditor', '', '', null, null, null, null, null, 'F', 'I', null, '0', '', null, 'R', '', 'F', null, null, null);
INSERT INTO wf_node VALUES ('777', '000070', '11', 'R', '多实例分支', null, null, null, null, null, null, null, 'G', 'bj', 'auditor', '', '', 'U', 'null', null, null, null, null, null, null, null, null, null, null, null, 'F', null, null, null);
INSERT INTO wf_node VALUES ('778', '000070', '11', 'R', '多实例汇聚', null, null, null, null, '', null, null, 'E', null, null, null, null, null, null, 'A', '', null, null, null, null, null, null, null, null, null, 'F', null, null, null);
INSERT INTO wf_node VALUES ('779', '000070', '11', 'R', '分支节点2', null, null, null, null, null, null, null, 'D', null, null, null, null, null, null, null, null, null, null, null, null, null, null, null, null, null, 'F', null, null, null);
INSERT INTO wf_node VALUES ('780', '000070', '11', 'R', '分支节点3', null, null, null, null, null, null, null, 'D', null, null, null, null, null, null, null, null, null, null, null, null, null, null, null, null, null, 'F', null, null, null);
INSERT INTO wf_node VALUES ('781', '000070', '11', 'B', '申请', 'A', null, null, '20000011', '', null, null, null, 'bj', 'jbr', '', '', null, null, null, null, null, 'F', 'I', null, '0', '', null, 'R', '', 'F', null, null, null);
INSERT INTO wf_node VALUES ('782', '000070', '11', 'C', '过程', 'D', null, null, '20000011', 'SetNextAuditorsBean', null, null, null, '', 'null', 'P', '', null, null, null, null, null, 'F', 'I', null, '0', '', null, 'R', '', 'F', null, null, null);
INSERT INTO wf_node VALUES ('796', '000070', '12', 'A', '开始', null, 'TEST', null, null, null, null, null, null, null, null, null, null, null, null, null, null, null, null, null, null, null, null, null, null, null, null, null, null, null);
INSERT INTO wf_node VALUES ('797', '000070', '12', 'F', '结束', null, 'TEST', null, null, null, null, null, null, null, null, null, null, null, null, null, null, null, null, null, null, null, null, null, null, null, null, null, null, null);
INSERT INTO wf_node VALUES ('798', '000070', '12', 'R', '分支节点1', null, 'TEST', null, null, null, null, null, 'D', null, null, null, null, null, null, null, null, null, null, null, null, null, null, null, null, null, 'F', null, null, null);
INSERT INTO wf_node VALUES ('799', '000070', '12', 'C', '单人审核', 'A', 'TEST', null, '20000011', '', null, null, null, 'bj', 'auditor', '', '', null, null, null, null, null, 'F', 'I', null, '0', '', null, 'R', '', 'F', null, null, null);
INSERT INTO wf_node VALUES ('800', '000070', '12', 'C', '多人审核', 'A', 'TEST', null, '20000011', 'VoteAndSetAuditorsBean', null, null, null, 'bj', 'auditor', '', '', null, null, null, null, null, 'F', 'I', null, '0', '', null, 'R', '', 'F', null, null, null);
INSERT INTO wf_node VALUES ('801', '000070', '12', 'R', '多实例分支', null, 'TEST', null, null, null, null, null, 'G', 'bj', 'auditor', '', '', 'U', 'null', null, null, null, null, null, null, null, null, null, null, null, 'F', null, null, null);
INSERT INTO wf_node VALUES ('802', '000070', '12', 'R', '多实例汇聚', null, 'TEST', null, null, '', null, null, 'E', null, null, null, null, null, null, 'A', '', null, null, null, null, null, null, null, null, null, 'F', null, null, null);
INSERT INTO wf_node VALUES ('803', '000070', '12', 'R', '分支节点2', null, 'TEST', null, null, null, null, null, 'D', null, null, null, null, null, null, null, null, null, null, null, null, null, null, null, null, null, 'F', null, null, null);
INSERT INTO wf_node VALUES ('804', '000070', '12', 'R', '分支节点3', null, 'TEST', null, null, null, null, null, 'D', null, null, null, null, null, null, null, null, null, null, null, null, null, null, null, null, null, 'F', null, null, null);
INSERT INTO wf_node VALUES ('805', '000070', '12', 'B', '申请', 'A', 'TEST', null, '20000011', '', null, null, null, 'bj', 'jbr', '', '', null, null, null, null, null, 'F', 'I', null, '0', '', null, 'R', '', 'F', null, null, null);
INSERT INTO wf_node VALUES ('806', '000070', '12', 'C', '过程', 'D', 'TEST', null, '20000011', 'SetNextAuditorsBean', null, null, null, '', 'null', 'P', '', null, null, null, null, null, 'F', 'I', null, '0', '', null, 'R', '', 'F', null, null, null);
INSERT INTO wf_node VALUES ('837', '171', '1', 'A', '开始', null, 'TEST', null, null, null, null, null, null, null, null, null, null, null, null, null, null, null, null, null, null, null, null, null, null, null, null, null, null, null);
INSERT INTO wf_node VALUES ('838', '171', '1', 'F', '结束', null, 'TEST', null, null, null, null, null, null, null, null, null, null, null, null, null, null, null, null, null, null, null, null, null, null, null, null, null, null, null);
INSERT INTO wf_node VALUES ('839', '171', '1', 'B', '过程', 'A', 'TEST', null, '20000011', '', '', '', null, 'bj', 'jbr', 'P', '', null, null, null, null, null, 'F', 'I', null, '0', '', '', 'R', '', 'F', null, '', null);
INSERT INTO wf_node VALUES ('840', '171', '1', 'C', '过程', 'A', 'TEST', null, '20000011', '', '', '', null, 'bj', 'auditor', 'P', '', null, null, null, null, null, 'F', 'I', null, '0', '', '', 'R', '', 'F', null, '', null);

INSERT INTO wf_node_instance VALUES ('938', '340', '805', null, null, 'F', '0', '0', null, 'C', null, null, null, 'bj', 'jbr', 'u0000000', null, null, 'S', 'T', null, 'u0000000', null, null);
INSERT INTO wf_node_instance VALUES ('939', '340', '799', null, null, 'F', '0', '0', '938', 'N', null, null, null, 'bj', 'auditor', 'u0000002', null, null, 'S', 'T', null, 'u0000000', null, '813,807');
INSERT INTO wf_node_instance VALUES ('940', '341', '839', null, null, 'F', '0', '0', null, 'F', null, '', null, 'bj', 'jbr', 'u0000000', null, null, 'S', 'T', null, 'u0000000', null, null);
INSERT INTO wf_node_instance VALUES ('941', '341', '840',null, null, 'F', '0', '0', '839', 'N', null, '', null, 'bj', 'auditor', 'u0000000', null, null, 'S', 'T', null, 'u0000000', null, '842');
INSERT INTO wf_node_instance VALUES ('942', '342', '839', null, null, 'F', '0', '0', null, 'N', null, '', null, 'bj', 'jbr', 'u0000000', null, null, 'S', 'T', null, 'u0000000', null, null);

INSERT INTO wf_organize VALUES ('5', '1', '1', null, '1',null);

INSERT INTO wf_role_relegate VALUES ('1', 'u0000000', 'u0000001', 'T', null, sysdate, null, null, null, null, null, null);
INSERT INTO wf_role_relegate VALUES ('2', 'u0000001', 'u0000000', 'T', null, sysdate, null, null, null, null, null, null);

INSERT INTO wf_team VALUES ('340', 'auditor', 'u0000002', null, null, null);

INSERT INTO wf_transition VALUES ('5', '1', '8', null, '流程step', '1', '3', '', '', 'F', 'I', null, null, null, 'F');
INSERT INTO wf_transition VALUES ('6', '1', '8', null, '流程step', '3', '4', '', '', 'F', 'I', null, null, null, 'F');
INSERT INTO wf_transition VALUES ('7', '1', '8', null, '流程step', '4', '2', '', '', 'F', 'I', null, null, null, 'F');
INSERT INTO wf_transition VALUES ('19', '1', '000057', null, '流程step', '16', '18', '', '', 'F', 'I', null, null, null, 'F');
INSERT INTO wf_transition VALUES ('20', '1', '000057', null, '流程step', '18', '17', '', '', 'F', 'I', null, null, null, 'F');
INSERT INTO wf_transition VALUES ('24', '2', '000057', null, '流程step', '21', '23', '', '', 'F', 'I', null, null, null, 'F');
INSERT INTO wf_transition VALUES ('25', '2', '000057', null, '流程step', '23', '22', '', '', 'F', 'I', null, null, null, 'F');
INSERT INTO wf_transition VALUES ('439', '1', '000070', null, '', '432', '433', 'count(auditor)=1', '', 'F', 'I', null, null, null, 'F');
INSERT INTO wf_transition VALUES ('440', '1', '000070', null, '', '432', '435', 'count(auditor)>1', '', 'F', 'I', null, null, null, 'F');
INSERT INTO wf_transition VALUES ('441', '1', '000070', null, '', '435', '434', '1=1', '', 'F', 'I', null, null, null, 'F');
INSERT INTO wf_transition VALUES ('442', '1', '000070', null, '', '434', '436', '1=1', '', 'F', 'I', null, null, null, 'F');
INSERT INTO wf_transition VALUES ('443', '1', '000070', null, '', '436', '437', '1=1', '', 'F', 'I', null, null, null, 'F');
INSERT INTO wf_transition VALUES ('444', '1', '000070', null, '审核不通过', '437', '431', 'pass=1', '', 'F', 'I', null, null, null, 'F');
INSERT INTO wf_transition VALUES ('445', '1', '000070', null, '审核通过', '437', '438', 'pass=0', '', 'F', 'I', null, null, null, 'F');
INSERT INTO wf_transition VALUES ('446', '1', '000070', null, '没有其他审批节点', '438', '431', 'currentPhase=maxPhase', '', 'F', 'I', null, null, null, 'F');
INSERT INTO wf_transition VALUES ('447', '1', '000070', null, '流程step', '433', '437', '1=1', '', 'F', 'I', null, null, null, 'F');
INSERT INTO wf_transition VALUES ('448', '1', '000070', null, '流程step', '438', '432', 'currentPhase=maxPhase', '', 'F', 'I', null, null, null, 'F');
INSERT INTO wf_transition VALUES ('449', '1', '000070', null, '流程step', '430', '432', '', '', 'F', 'I', null, null, null, 'F');
INSERT INTO wf_transition VALUES ('459', '2', '000070', null, '', '452', '453', '1=1', '', 'F', 'I', null, null, null, 'F');
INSERT INTO wf_transition VALUES ('460', '2', '000070', null, '', '452', '455', 'count(auditor)>1', '', 'F', 'I', null, null, null, 'F');
INSERT INTO wf_transition VALUES ('461', '2', '000070', null, '', '455', '454', '1=1', '', 'F', 'I', null, null, null, 'F');
INSERT INTO wf_transition VALUES ('462', '2', '000070', null, '', '454', '456', '1=1', '', 'F', 'I', null, null, null, 'F');
INSERT INTO wf_transition VALUES ('463', '2', '000070', null, '', '456', '457', '1=1', '', 'F', 'I', null, null, null, 'F');
INSERT INTO wf_transition VALUES ('464', '2', '000070', null, '审核不通过', '457', '451', 'pass=1', '', 'F', 'I', null, null, null, 'F');
INSERT INTO wf_transition VALUES ('465', '2', '000070', null, '审核通过', '457', '458', 'pass=0', '', 'F', 'I', null, null, null, 'F');
INSERT INTO wf_transition VALUES ('466', '2', '000070', null, '没有其他审批节点', '458', '451', 'currentPhase=maxPhase', '', 'F', 'I', null, null, null, 'F');
INSERT INTO wf_transition VALUES ('467', '2', '000070', null, '流程step', '453', '457', '1=1', '', 'F', 'I', null, null, null, 'F');
INSERT INTO wf_transition VALUES ('468', '2', '000070', null, '流程step', '458', '452', 'currentPhase=maxPhase', '', 'F', 'I', null, null, null, 'F');
INSERT INTO wf_transition VALUES ('469', '2', '000070', null, '流程step', '450', '452', '', '', 'F', 'I', null, null, null, 'F');
INSERT INTO wf_transition VALUES ('480', '3', '000070', null, '', '472', '473', 'count(auditor)=1', '', 'F', 'I', null, null, null, 'F');
INSERT INTO wf_transition VALUES ('481', '3', '000070', null, '', '472', '475', 'count(auditor)>1', '', 'F', 'I', null, null, null, 'F');
INSERT INTO wf_transition VALUES ('482', '3', '000070', null, '', '475', '474', '1=1', '', 'F', 'I', null, null, null, 'F');
INSERT INTO wf_transition VALUES ('483', '3', '000070', null, '', '474', '476', '1=1', '', 'F', 'I', null, null, null, 'F');
INSERT INTO wf_transition VALUES ('484', '3', '000070', null, '', '476', '477', '1=1', '', 'F', 'I', null, null, null, 'F');
INSERT INTO wf_transition VALUES ('485', '3', '000070', null, '审核不通过', '477', '471', 'pass=1', '', 'F', 'I', null, null, null, 'F');
INSERT INTO wf_transition VALUES ('486', '3', '000070', null, '审核通过', '477', '478', 'pass=0', '', 'F', 'I', null, null, null, 'F');
INSERT INTO wf_transition VALUES ('487', '3', '000070', null, '没有其他审批节点', '478', '471', 'currentPhase=maxPhase', '', 'F', 'I', null, null, null, 'F');
INSERT INTO wf_transition VALUES ('488', '3', '000070', null, '流程step', '473', '477', '1=1', '', 'F', 'I', null, null, null, 'F');
INSERT INTO wf_transition VALUES ('489', '3', '000070', null, '流程step', '478', '472', 'currentPhase=maxPhase', '', 'F', 'I', null, null, null, 'F');
INSERT INTO wf_transition VALUES ('490', '3', '000070', null, '流程step', '470', '479', '', '', 'F', 'I', null, null, null, 'F');
INSERT INTO wf_transition VALUES ('491', '3', '000070', null, '流程step', '479', '472', '', '', 'F', 'I', null, null, null, 'F');
INSERT INTO wf_transition VALUES ('502', '4', '000070', null, '', '494', '495', 'auditorCount=1', '', 'F', 'I', null, null, null, 'F');
INSERT INTO wf_transition VALUES ('503', '4', '000070', null, '', '494', '497', 'auditorCount>1', '', 'F', 'I', null, null, null, 'F');
INSERT INTO wf_transition VALUES ('504', '4', '000070', null, '', '497', '496', '1=1', '', 'F', 'I', null, null, null, 'F');
INSERT INTO wf_transition VALUES ('505', '4', '000070', null, '', '496', '498', '1=1', '', 'F', 'I', null, null, null, 'F');
INSERT INTO wf_transition VALUES ('506', '4', '000070', null, '', '498', '499', '1=1', '', 'F', 'I', null, null, null, 'F');
INSERT INTO wf_transition VALUES ('507', '4', '000070', null, '审核不通过', '499', '493', 'pass=1', '', 'F', 'I', null, null, null, 'F');
INSERT INTO wf_transition VALUES ('508', '4', '000070', null, '审核通过', '499', '500', 'pass=0', '', 'F', 'I', null, null, null, 'F');
INSERT INTO wf_transition VALUES ('509', '4', '000070', null, '没有其他审批节点', '500', '493', 'currentPhase=maxPhase', '', 'F', 'I', null, null, null, 'F');
INSERT INTO wf_transition VALUES ('510', '4', '000070', null, '流程step', '495', '499', '1=1', '', 'F', 'I', null, null, null, 'F');
INSERT INTO wf_transition VALUES ('511', '4', '000070', null, '流程step', '500', '494', 'currentPhase=maxPhase', '', 'F', 'I', null, null, null, 'F');
INSERT INTO wf_transition VALUES ('512', '4', '000070', null, '流程step', '492', '501', '', '', 'F', 'I', null, null, null, 'F');
INSERT INTO wf_transition VALUES ('513', '4', '000070', null, '流程step', '501', '494', '', '', 'F', 'I', null, null, null, 'F');
INSERT INTO wf_transition VALUES ('524', '5', '000070', null, '', '516', '517', 'auditorCount=1', '', 'F', 'I', null, null, null, 'F');
INSERT INTO wf_transition VALUES ('525', '5', '000070', null, '', '516', '519', 'auditorCount>1', '', 'F', 'I', null, null, null, 'F');
INSERT INTO wf_transition VALUES ('526', '5', '000070', null, '', '519', '518', '1=1', '', 'F', 'I', null, null, null, 'F');
INSERT INTO wf_transition VALUES ('527', '5', '000070', null, '', '518', '520', '1=1', '', 'F', 'I', null, null, null, 'F');
INSERT INTO wf_transition VALUES ('528', '5', '000070', null, '', '520', '521', '1=1', '', 'F', 'I', null, null, null, 'F');
INSERT INTO wf_transition VALUES ('529', '5', '000070', null, '审核不通过', '521', '515', 'pass=1', '', 'F', 'I', null, null, null, 'F');
INSERT INTO wf_transition VALUES ('530', '5', '000070', null, '审核通过', '521', '522', 'pass=0', '', 'F', 'I', null, null, null, 'F');
INSERT INTO wf_transition VALUES ('531', '5', '000070', null, '没有其他审批节点', '522', '515', 'currentPhase=maxPhase', '', 'F', 'I', null, null, null, 'F');
INSERT INTO wf_transition VALUES ('532', '5', '000070', null, '流程step', '517', '521', '1=1', '', 'F', 'I', null, null, null, 'F');
INSERT INTO wf_transition VALUES ('533', '5', '000070', null, '流程step', '522', '516', 'currentPhase=maxPhase', '', 'F', 'I', null, null, null, 'F');
INSERT INTO wf_transition VALUES ('534', '5', '000070', null, '流程step', '514', '523', '', '', 'F', 'I', null, null, null, 'F');
INSERT INTO wf_transition VALUES ('535', '5', '000070', null, '流程step', '523', '516', '', '', 'F', 'I', null, null, null, 'F');
INSERT INTO wf_transition VALUES ('546', '6', '000070', null, '', '538', '539', 'auditorCount=1', '', 'F', 'I', null, null, null, 'F');
INSERT INTO wf_transition VALUES ('547', '6', '000070', null, '', '538', '541', 'auditorCount>1', '', 'F', 'I', null, null, null, 'F');
INSERT INTO wf_transition VALUES ('548', '6', '000070', null, '', '541', '540', '1=1', '', 'F', 'I', null, null, null, 'F');
INSERT INTO wf_transition VALUES ('549', '6', '000070', null, '', '540', '542', '1=1', '', 'F', 'I', null, null, null, 'F');
INSERT INTO wf_transition VALUES ('550', '6', '000070', null, '', '542', '543', '1=1', '', 'F', 'I', null, null, null, 'F');
INSERT INTO wf_transition VALUES ('551', '6', '000070', null, '审核不通过', '543', '537', 'pass=1', '', 'F', 'I', null, null, null, 'F');
INSERT INTO wf_transition VALUES ('552', '6', '000070', null, '审核通过', '543', '544', 'pass=0', '', 'F', 'I', null, null, null, 'F');
INSERT INTO wf_transition VALUES ('553', '6', '000070', null, '没有其他审批节点', '544', '537', 'currentPhase=maxPhase', '', 'F', 'I', null, null, null, 'F');
INSERT INTO wf_transition VALUES ('554', '6', '000070', null, '流程step', '539', '543', '1=1', '', 'F', 'I', null, null, null, 'F');
INSERT INTO wf_transition VALUES ('555', '6', '000070', null, '流程step', '544', '538', 'currentPhase=maxPhase', '', 'F', 'I', null, null, null, 'F');
INSERT INTO wf_transition VALUES ('556', '6', '000070', null, '流程step', '536', '545', '', '', 'F', 'I', null, null, null, 'F');
INSERT INTO wf_transition VALUES ('557', '6', '000070', null, '流程step', '545', '538', '', '', 'F', 'I', null, null, null, 'F');
INSERT INTO wf_transition VALUES ('568', '7', '000070', null, '', '560', '561', 'auditorCount=1', '', 'F', 'I', null, null, null, 'F');
INSERT INTO wf_transition VALUES ('569', '7', '000070', null, '', '560', '563', 'auditorCount>1', '', 'F', 'I', null, null, null, 'F');
INSERT INTO wf_transition VALUES ('570', '7', '000070', null, '', '563', '562', '1=1', '', 'F', 'I', null, null, null, 'F');
INSERT INTO wf_transition VALUES ('571', '7', '000070', null, '', '562', '564', '1=1', '', 'F', 'I', null, null, null, 'F');
INSERT INTO wf_transition VALUES ('572', '7', '000070', null, '', '564', '565', '1=1', '', 'F', 'I', null, null, null, 'F');
INSERT INTO wf_transition VALUES ('573', '7', '000070', null, '审核不通过', '565', '559', 'pass=1', '', 'F', 'I', null, null, null, 'F');
INSERT INTO wf_transition VALUES ('574', '7', '000070', null, '审核通过', '565', '566', 'pass=0', '', 'F', 'I', null, null, null, 'F');
INSERT INTO wf_transition VALUES ('575', '7', '000070', null, '没有其他审批节点', '566', '559', 'currentPhase=maxPhase+1', '', 'F', 'I', null, null, null, 'F');
INSERT INTO wf_transition VALUES ('576', '7', '000070', null, '流程step', '561', '565', '1=1', '', 'F', 'I', null, null, null, 'F');
INSERT INTO wf_transition VALUES ('577', '7', '000070', null, '流程step', '566', '560', 'currentPhase<maxPhase+1', '', 'F', 'I', null, null, null, 'F');
INSERT INTO wf_transition VALUES ('578', '7', '000070', null, '流程step', '558', '567', '', '', 'F', 'I', null, null, null, 'F');
INSERT INTO wf_transition VALUES ('579', '7', '000070', null, '流程step', '567', '560', '', '', 'F', 'I', null, null, null, 'F');
INSERT INTO wf_transition VALUES ('663', '8', '000070', null, '单人审核', '654', '655', 'auditorCount=1', '', 'F', 'I', null, null, null, 'F');
INSERT INTO wf_transition VALUES ('664', '8', '000070', null, '多人审核', '654', '657', 'auditorCount>1', '', 'F', 'I', null, null, null, 'F');
INSERT INTO wf_transition VALUES ('665', '8', '000070', null, '多实例分支', '657', '656', '1=1', '', 'F', 'I', null, null, null, 'F');
INSERT INTO wf_transition VALUES ('666', '8', '000070', null, '多实例汇聚', '656', '658', '1=1', '', 'F', 'I', null, null, null, 'F');
INSERT INTO wf_transition VALUES ('667', '8', '000070', null, '审核不通过', '659', '653', 'pass=1', '', 'F', 'I', null, null, null, 'F');
INSERT INTO wf_transition VALUES ('668', '8', '000070', null, '审核通过', '659', '660', 'pass=0', '', 'F', 'I', null, null, null, 'F');
INSERT INTO wf_transition VALUES ('669', '8', '000070', null, '没有其他审批节点', '660', '653', 'currentPhase=maxPhase+1', '', 'F', 'I', null, null, null, 'F');
INSERT INTO wf_transition VALUES ('670', '8', '000070', null, '发起申请', '652', '661', '', '', 'F', 'I', null, null, null, 'F');
INSERT INTO wf_transition VALUES ('671', '8', '000070', null, '提交申请', '661', '654', '', '', 'F', 'I', null, null, null, 'F');
INSERT INTO wf_transition VALUES ('672', '8', '000070', null, '继续审核', '660', '654', '1=1', '', 'F', 'I', null, null, null, 'F');
INSERT INTO wf_transition VALUES ('673', '8', '000070', null, '设置下一步审核人', '658', '662', 'complete=1', '', 'F', 'I', null, null, null, 'F');
INSERT INTO wf_transition VALUES ('674', '8', '000070', null, '流程step', '662', '659', '', '', 'F', 'I', null, null, null, 'F');
INSERT INTO wf_transition VALUES ('675', '8', '000070', null, '设置下一步审核人', '655', '662', 'complete=1', '', 'F', 'I', null, null, null, 'F');
INSERT INTO wf_transition VALUES ('687', '9', '000070', null, '单人审核', '678', '679', 'auditorCount=1', '', 'F', 'I', null, null, null, 'F');
INSERT INTO wf_transition VALUES ('688', '9', '000070', null, '多人审核', '678', '681', 'auditorCount>1', '', 'F', 'I', null, null, null, 'F');
INSERT INTO wf_transition VALUES ('689', '9', '000070', null, '多实例分支', '681', '680', '1=1', '', 'F', 'I', null, null, null, 'F');
INSERT INTO wf_transition VALUES ('690', '9', '000070', null, '多实例汇聚', '680', '682', '1=1', '', 'F', 'I', null, null, null, 'F');
INSERT INTO wf_transition VALUES ('691', '9', '000070', null, '审核不通过', '683', '677', 'pass=1', '', 'F', 'I', null, null, null, 'F');
INSERT INTO wf_transition VALUES ('692', '9', '000070', null, '审核通过', '683', '684', 'pass=0', '', 'F', 'I', null, null, null, 'F');
INSERT INTO wf_transition VALUES ('693', '9', '000070', null, '没有其他审批节点', '684', '677', 'currentPhase=maxPhase+1', '', 'F', 'I', null, null, null, 'F');
INSERT INTO wf_transition VALUES ('694', '9', '000070', null, '发起申请', '676', '685', '', '', 'F', 'I', null, null, null, 'F');
INSERT INTO wf_transition VALUES ('695', '9', '000070', null, '提交申请', '685', '678', '', '', 'F', 'I', null, null, null, 'F');
INSERT INTO wf_transition VALUES ('696', '9', '000070', null, '继续审核', '684', '678', '1=1', '', 'F', 'I', null, null, null, 'F');
INSERT INTO wf_transition VALUES ('697', '9', '000070', null, '设置下一步审核人', '682', '686', '1=1', '', 'F', 'I', null, null, null, 'F');
INSERT INTO wf_transition VALUES ('698', '9', '000070', null, '流程step', '686', '683', '', '', 'F', 'I', null, null, null, 'F');
INSERT INTO wf_transition VALUES ('699', '9', '000070', null, '设置下一步审核人', '679', '686', '1=1', '', 'F', 'I', null, null, null, 'F');
INSERT INTO wf_transition VALUES ('735', '10', '000070', null, '单人审核', '726', '727', 'auditorCount=1', '', 'F', 'I', null, null, null, 'F');
INSERT INTO wf_transition VALUES ('736', '10', '000070', null, '多人审核', '726', '729', 'auditorCount>1', '', 'F', 'I', null, null, null, 'F');
INSERT INTO wf_transition VALUES ('737', '10', '000070', null, '多实例分支', '729', '728', '1=1', '', 'F', 'I', null, null, null, 'F');
INSERT INTO wf_transition VALUES ('738', '10', '000070', null, '多实例汇聚', '728', '730', '1=1', '', 'F', 'I', null, null, null, 'F');
INSERT INTO wf_transition VALUES ('739', '10', '000070', null, '没有其他审批节点', '732', '725', 'currentPhase=maxPhase+1', '', 'F', 'I', null, null, null, 'F');
INSERT INTO wf_transition VALUES ('740', '10', '000070', null, '发起申请', '724', '733', '', '', 'F', 'I', null, null, null, 'F');
INSERT INTO wf_transition VALUES ('741', '10', '000070', null, '提交申请', '733', '726', '', '', 'F', 'I', null, null, null, 'F');
INSERT INTO wf_transition VALUES ('742', '10', '000070', null, '继续审核', '732', '726', 'currentPhase<maxPhase+1', '', 'F', 'I', null, null, null, 'F');
INSERT INTO wf_transition VALUES ('743', '10', '000070', null, '流程step', '727', '731', '', '', 'F', 'I', null, null, null, 'F');
INSERT INTO wf_transition VALUES ('744', '10', '000070', null, '流程step', '730', '731', '1=1', '', 'F', 'I', null, null, null, 'F');
INSERT INTO wf_transition VALUES ('745', '10', '000070', null, '不通过', '731', '725', 'pass=1', '', 'F', 'I', null, null, null, 'F');
INSERT INTO wf_transition VALUES ('746', '10', '000070', null, '通过', '731', '734', 'pass=0', '', 'F', 'I', null, null, null, 'F');
INSERT INTO wf_transition VALUES ('747', '10', '000070', null, '流程step', '734', '732', '', '', 'F', 'I', null, null, null, 'F');
INSERT INTO wf_transition VALUES ('783', '11', '000070', null, '单人审核', '774', '775', 'auditorCount=1', '', 'F', 'I', null, null, null, 'F');
INSERT INTO wf_transition VALUES ('784', '11', '000070', null, '多人审核', '774', '777', 'auditorCount>1', '', 'F', 'I', null, null, null, 'F');
INSERT INTO wf_transition VALUES ('785', '11', '000070', null, '多实例分支', '777', '776', '1=1', '', 'F', 'I', null, null, null, 'F');
INSERT INTO wf_transition VALUES ('786', '11', '000070', null, '多实例汇聚', '776', '778', '1=1', '', 'F', 'I', null, null, null, 'F');
INSERT INTO wf_transition VALUES ('787', '11', '000070', null, '没有其他审批节点', '780', '773', 'currentPhase=maxPhase+1', '', 'F', 'I', null, null, null, 'F');
INSERT INTO wf_transition VALUES ('788', '11', '000070', null, '发起申请', '772', '781', '', '', 'F', 'I', null, null, null, 'F');
INSERT INTO wf_transition VALUES ('789', '11', '000070', null, '提交申请', '781', '774', '', '', 'F', 'I', null, null, null, 'F');
INSERT INTO wf_transition VALUES ('790', '11', '000070', null, '继续审核', '780', '774', 'currentPhase<maxPhase+1', '', 'F', 'I', null, null, null, 'F');
INSERT INTO wf_transition VALUES ('791', '11', '000070', null, '不通过', '779', '773', 'pass=1', '', 'F', 'I', null, null, null, 'F');
INSERT INTO wf_transition VALUES ('792', '11', '000070', null, '流程step', '775', '782', '', '', 'F', 'I', null, null, null, 'F');
INSERT INTO wf_transition VALUES ('793', '11', '000070', null, '流程step', '782', '779', '', '', 'F', 'I', null, null, null, 'F');
INSERT INTO wf_transition VALUES ('794', '11', '000070', null, '流程step', '778', '782', '1=1', '', 'F', 'I', null, null, null, 'F');
INSERT INTO wf_transition VALUES ('795', '11', '000070', null, '通过', '779', '780', 'pass=0', '', 'F', 'I', null, null, null, 'F');
INSERT INTO wf_transition VALUES ('807', '12', '000070', null, '单人审核', '798', '799', 'auditorCount=1', '', 'F', 'I', null, null, null, 'F');
INSERT INTO wf_transition VALUES ('808', '12', '000070', null, '多人审核', '798', '801', 'auditorCount>1', '', 'F', 'I', null, null, null, 'F');
INSERT INTO wf_transition VALUES ('809', '12', '000070', null, '多实例分支', '801', '800', '1=1', '', 'F', 'I', null, null, null, 'F');
INSERT INTO wf_transition VALUES ('810', '12', '000070', null, '多实例汇聚', '800', '802', '1=1', '', 'F', 'I', null, null, null, 'F');
INSERT INTO wf_transition VALUES ('811', '12', '000070', null, '没有其他审批节点', '804', '797', 'currentPhase=maxPhase+1', '', 'F', 'I', null, null, null, 'F');
INSERT INTO wf_transition VALUES ('812', '12', '000070', null, '发起申请', '796', '805', '', '', 'F', 'I', null, null, null, 'F');
INSERT INTO wf_transition VALUES ('813', '12', '000070', null, '提交申请', '805', '798', '', '', 'F', 'I', null, null, null, 'F');
INSERT INTO wf_transition VALUES ('814', '12', '000070', null, '继续审核', '804', '798', '1=1', '', 'F', 'I', null, null, null, 'F');
INSERT INTO wf_transition VALUES ('815', '12', '000070', null, '不通过', '803', '797', 'pass=1', '', 'F', 'I', null, null, null, 'F');
INSERT INTO wf_transition VALUES ('816', '12', '000070', null, '流程step', '799', '806', '', '', 'F', 'I', null, null, null, 'F');
INSERT INTO wf_transition VALUES ('817', '12', '000070', null, '流程step', '806', '803', '', '', 'F', 'I', null, null, null, 'F');
INSERT INTO wf_transition VALUES ('818', '12', '000070', null, '流程step', '802', '806', '1=1', '', 'F', 'I', null, null, null, 'F');
INSERT INTO wf_transition VALUES ('819', '12', '000070', null, '通过', '803', '804', 'pass=0', '', 'F', 'I', null, null, null, 'F');
INSERT INTO wf_transition VALUES ('841', '1', '171', null, '流程step', '837', '839', '', '', 'F', 'I', null, null, null, 'F');
INSERT INTO wf_transition VALUES ('842', '1', '171', null, '流程step', '839', '840', '', '', 'F', 'I', null, null, null, 'F');
INSERT INTO wf_transition VALUES ('843', '1', '171', null, '流程step', '840', '838', '', '', 'F', 'I', null, null, null, 'F');
commit;
